,Address,Number of Incidents
0,1 DESTINY USA DR,428
1,500 BUTTERNUT ST     ,122
2,2500 ERIE BLVD E ,67
3,700 FIRST NORTH ST     ,57
4,4700 ONONDAGA BLVD   ,47
5,600 BUTTERNUT ST     ,39
6,200 WAVERLY AV   ,36
7,500 S SALINA ST     ,31
8,1000 W GENESEE ST     ,26
9,100 LAFAYETTE RD     ,23
10,400 S SALINA ST     ,22
11,400 VAN BUREN ST     ,21
12,900 JAMES ST     ,17
13,100 COLLEGE PL     ,17
14,200 LAFAYETTE RD     ,17
15,700 JAMES ST     ,17
16,2300 JAMES ST     ,15
17,1000 CANAL ST     ,15
18,700 IRVING AV   ,15
19,2600 ERIE BLVD E ,14
20,800 ACKERMAN AV   ,14
21,100 REMINGTON AV   ,14
22,100 DICKERSON ST     ,14
23,4000 S SALINA ST     ,13
24,4100 S SALINA ST     ,12
25,700 UNIVERSITY AV   ,12
26,300 HIAWATHA BLVD W ,12
27,400 BUTTERNUT ST     ,12
28,600 N SALINA ST     ,12
29,300 MONTGOMERY ST     ,12
30,500 ERIE BLVD W ,12
31,100 SMITH LN     ,11
32,1000 JAMES ST     ,10
33,900 W GENESEE ST     ,10
34,700 W GENESEE ST     ,10
35,100 EDTIM RD     ,10
36,800 BUTTERNUT ST     ,10
37,1800 W GENESEE ST     ,10
38,100 BALLANTYNE RD     ,10
39,1900 ERIE BLVD E ,10
40,2000 ERIE BLVD E ,9
41,300 S WARREN ST     ,9
42,400 W ONONDAGA ST     ,9
43,0 CENTENNIAL DR     ,9
44,600 PARK ST     ,9
45,800 ERIE BLVD W ,9
46,100 CROUSE DR     ,9
47,600 CARBON ST     ,9
48,900 E GENESEE ST     ,9
49,300 COURT ST     ,8
50,500 S CLINTON ST     ,8
51,100 RONEY LN     ,8
52,200 N STATE ST     ,8
53,100 POLK ST     ,8
54,1800 E FAYETTE ST     ,8
55,900 MADISON ST     ,8
56,600 JAMES ST     ,8
57,300 VILLAGE DR     ,8
58,200 S GEDDES ST     ,8
59,1200 ALMOND ST     ,8
60,700 N SALINA ST     ,8
61,400 W SENECA TPKE   ,8
62,1800 GRANT BLVD   ,8
63,300 SPRING ST     ,7
64,700 LIVINGSTON AV   ,7
65,400 WESTCOTT ST     ,7
66,600 COMSTOCK AV   ,7
67,700 N CLINTON ST     ,7
68,600 ONONDAGA AV   ,7
69,700 S CROUSE AV   ,7
70,100 RIVERDALE DR     ,7
71,900 KIRKPATRICK ST     ,7
72,800 E BRIGHTON AV   ,7
73,100 MARSHALL ST     ,7
74,200 HAWLEY AV   ,7
75,500 STATE FAIR BLVD   ,7
76,100 LAWRENCE ST     ,7
77,100 SIMON DR     ,7
78,1200 BUTTERNUT ST     ,7
79,200 EUCLID AV   ,7
80,1100 N SALINA ST     ,7
81,1400 N SALINA ST     ,7
82,600 SOUTH AV   ,7
83,700 COMSTOCK AV   ,7
84,1400 BURNET AV   ,7
85,100 VILLAGE DR     ,7
86,200 MCKINLEY AV   ,6
87,300 W KIRKPATRICK ST     ,6
88,2600 LODI ST     ,6
89,300 S CLINTON ST     ,6
90,400 COMSTOCK AV   ,6
91,100 COMSTOCK AV   ,6
92,300 AUDUBON PKWY   ,6
93,900 HIAWATHA BLVD W ,6
94,100 WALTON ST     ,6
95,2900 JAMES ST     ,6
96,200 W BRIGHTON AV   ,6
97,500 S  SALINA ST     ,6
98,1700 W  ONONDAGA ST     ,6
99,0 HARBORSIDE DR     ,6
100,1400 S SALINA ST     ,6
101,1200 HARRISON ST     ,6
102,100 FORD AV   ,6
103,700 ERIE BLVD E ,6
104,200 VILLAGE DR     ,6
105,100 WEISER CT     ,6
106,900 ACKERMAN AV   ,6
107,100 SWANSEA DR     ,6
108,700 OSTROM AV   ,6
109,200 COMSTOCK AV   ,6
110,400 N FRANKLIN ST     ,6
111,100 FORDHAM RD     ,6
112,500 S  CLINTON ST     ,6
113,500 HAWLEY AV   ,6
114,300 W NEWELL ST     ,6
115,2800 S SALINA ST     ,6
116,900 CANAL ST     ,6
117,100 CROLY ST     ,6
118,1300 GRANT BLVD   ,6
119,100 HENRY ST     ,6
120,300 S SALINA ST     ,6
121,1700 ERIE BLVD E ,6
122,100 GERTRUDE ST     ,5
123,400 GIFFORD ST     ,5
124,500 OAK ST     ,5
125,3100 JAMES ST     ,5
126,500 WESTCOTT ST     ,5
127,600 BURNET AV   ,5
128,3400 BURNET AV   ,5
129,1700 N SALINA ST     ,5
130,100 MOUNT OLYMPUS DR     ,5
131,500 EUCLID AV   ,5
132,100 FAGE AV   ,5
133,1400 S  SALINA ST     ,5
134,900 HIGHLAND ST     ,5
135,800 KIRKPATRICK ST     ,5
136,200 FELLOWS AV   ,5
137,100 SOLAR ST     ,5
138,100 LINCOLN PARK DR     ,5
139,100 GRACE ST     ,5
140,800 LIVINGSTON AVE    ,5
141,100 GRAND AV   ,5
142,700 KIRKPATRICK ST     ,5
143,700 VAN RENSSELAER ST     ,5
144,300 OAK ST     ,5
145,500 DELAWARE ST     ,5
146,300 MOUNT OLYMPUS DR     ,5
147,300 KIRK AV   ,5
148,300 WESTCOTT ST     ,5
149,700 BUTTERNUT ST     ,5
150,800 WOLF ST     ,5
151,200 THURBER ST     ,5
152,100 WASHINGTON SQ     ,5
153,1100 FIRST NORTH ST     ,5
154,1400 E GENESEE ST     ,5
155,300 E  WILLOW ST     ,5
156,1300 BUTTERNUT ST     ,5
157,300 N MIDLER AV   ,5
158,2100 S SALINA ST     ,5
159,2900 S  SALINA ST     ,5
160,1600 ERIE BLVD E ,5
161,400 S  SALINA ST     ,5
162,600 ROBINSON ST     ,5
163,2400 ERIE BLVD E ,5
164,3500 JAMES ST     ,5
165,400 MERRIMAN AV   ,5
166,300 GREEN ST     ,5
167,300 GIFFORD ST     ,5
168,100 KENWOOD AV   ,5
169,2800 JAMES ST     ,5
170,4100 S  SALINA ST     ,5
171,100 REDFIELD PL     ,5
172,400 ERIE BLVD E ,5
173,100 WOODBINE AV   ,5
174,300 PARK ST     ,5
175,100 E BRIGHTON AV   ,5
176,300 W KENNEDY ST     ,5
177,1000 W  GENESEE ST     ,4
178,200 PARK ST     ,4
179,800 N SALINA ST     ,4
180,200 DAVIS ST     ,4
181,700 TEALL AV   ,4
182,100 MARTIN LUTHER KING      E ,4
183,300 ELM ST     ,4
184,100 WINDSOR PL     ,4
185,200 MILBURN DR     ,4
186,400 GRANT BLVD   ,4
187,600 HIAWATHA BLVD W ,4
188,100 THURGOOD TER    ,4
189,300 ONONDAGA AV   ,4
190,800 JAMES ST     ,4
191,1000 BUTTERNUT ST     ,4
192,400 LODI ST     ,4
193,200 GRANT BLVD   ,4
194,100 REMINGTON AVE    ,4
195,400 UNIVERSITY AV   ,4
196,1100 E GENESEE ST     ,4
197,900 S SALINA ST     ,4
198,900 WILLIS AV   ,4
199,200 WAVERLY AVE    ,4
200,300 BEECHER ST     ,4
201,100 GREENLAND DR     ,4
202,400 UNIVERSITY PL     ,4
203,100 HALL AV   ,4
204,2500 JAMES ST     ,4
205,100 HARVARD PL     ,4
206,900 POND ST     ,4
207,200 WALTON ST     ,4
208,900 PARK AV   ,4
209,500 N SALINA ST     ,4
210,200 CHERRY ST     ,4
211,100 FERNWOOD AV   ,4
212,300 CARBON ST     ,4
213,500 PLUM ST     ,4
214,500 E LAUREL ST     ,4
215,200 SENECA DR     ,4
216,1000 PARK ST     ,4
217,1000 OAK ST     ,4
218,800 UNIVERSITY AV   ,4
219,100 DALE ST     ,4
220,1000 MONTGOMERY ST     ,4
221,700 MARCELLUS ST     ,4
222,800 SUMNER AV   ,4
223,1400 LODI ST     ,4
224,100 DYER CT     ,4
225,700 S  CROUSE        ,4
226,200 SEELEY RD     ,4
227,400 WOLF ST     ,4
228,1700 W ONONDAGA ST     ,4
229,400 EUCLID AV   ,4
230,800 PARK ST     ,4
231,900 E  GENESEE ST     ,4
232,800 BURNET AV   ,4
233,300 W FAYETTE ST     ,4
234,500 W GENESEE ST     ,4
235,800 VALLEY DR     ,4
236,1100 CANNON ST     ,4
237,800 ACKERMAN AVE    ,4
238,200 S  GEDDES ST     ,4
239,1100 WOLF ST     ,4
240,1100 PARK ST     ,4
241,300 HIXSON AVE    ,4
242,200 MARTIN LUTHER KING      W ,4
243,200 TOMPKINS ST     ,4
244,1500 ERIE BLVD E ,4
245,100 BERTRAM PL     ,4
246,400 BURNET AV   ,4
247,400 COLUMBUS AV   ,4
248,600 WOLF ST     ,4
249,200 W JEFFERSON ST     ,4
250,100 COLUMBIA AV   ,4
251,100 DABLON CT     ,4
252,100 E  ONONDAGA ST     ,4
253,1100 MADISON ST     ,4
254,600 BARNES AV   ,4
255,1600 LODI ST     ,4
256,500 CATHERINE ST     ,4
257,500 VALLEY DR     ,4
258,100 BRIGGS ST     ,4
259,300 FURMAN ST     ,4
260,1300 PARK ST     ,4
261,200 WILKINSON ST     ,4
262,4000 S  SALINA ST     ,4
263,900 LANCASTER AV   ,4
264,300 FOBES AV   ,4
265,800 LIVINGSTON AV   ,4
266,100 SMITH DR     ,4
267,300 S  CLINTON ST     ,4
268,600 PARK AV   ,4
269,300 BURT ST     ,4
270,300 ROWLAND ST     ,4
271,500 S CROUSE AV   ,4
272,200 LINCOLN AV   ,4
273,100 LOMA AV   ,4
274,1800 W  GENESEE ST     ,4
275,400 S ALVORD ST     ,3
276,200 GENESEE PARK DR     ,3
277,800 E GENESEE ST     ,3
278,200 HARTSON ST     ,3
279,800 N CLINTON ST     ,3
280,400 W BEARD AV   ,3
281,300 WARNER AV   ,3
282,100 W  OSTRANDER AVE    ,3
283,300 W WATER ST     ,3
284,400 TURTLE ST     ,3
285,100 WOOD AV   ,3
286,200 HOPPER RD     ,3
287,1200 E  FAYETTE ST     ,3
288,1500 SOUTH AV   ,3
289,1200 BURNET AV   ,3
290,1200 MILTON AV   ,3
291,3800 S SALINA ST     ,3
292,200 MOORE AV   ,3
293,200 NORTH AV   ,3
294,300 STADIUM PL     ,3
295,800 ONONDAGA AV   ,3
296,300 N SALINA ST     ,3
297,1100 N STATE ST     ,3
298,100 JOSEPHINE ST     ,3
299,800 N MCBRIDE ST     ,3
300,1200 LODI ST     ,3
301,500 COMSTOCK AV   ,3
302,100 SOUTH AV   ,3
303,200 SEDGWICK ST     ,3
304,300 S  BEECH ST     ,3
305,1200 MADISON ST     ,3
306,100 LAKEVIEW AV   ,3
307,100 VICTORIA PL     ,3
308,900 WESTCOTT ST     ,3
309,300 S  SALINA ST     ,3
310,100 NEUTRAL CT     ,3
311,1600 N SALINA ST     ,3
312,100 LEA LN     ,3
313,3200 S SALINA ST     ,3
314,500 CARBON ST     ,3
315,100 W SENECA TPKE   ,3
316,100 W MATSON AV   ,3
317,300 PEARL ST     ,3
318,100 MAYAR ST     ,3
319,1800 E  FAYETTE ST     ,3
320,500 SEYMOUR ST     ,3
321,1000 HIGHLAND ST     ,3
322,3000 ERIE BLVD E ,3
323,1800 LODI ST     ,3
324,400 VAN BUREN ST   ,3
325,500 SLOCUM DR     ,3
326,100 W CALTHROP AV   ,3
327,1800 W  FAYETTE ST     ,3
328,900 HAWLEY AV   ,3
329,1000 IRVING AV   ,3
330,100 MARY ST     ,3
331,800 S  SALINA ST     ,3
332,300 S BEECH ST     ,3
333,1900 E FAYETTE ST     ,3
334,400 SECOND NORTH ST     ,3
335,900 E BRIGHTON AV   ,3
336,1500 VALLEY DR     ,3
337,1200 S GEDDES ST     ,3
338,100 SOUTH AVE    ,3
339,300 PROSPECT AVE    ,3
340,200 WAVERLY        ,3
341,900 BURNET AV   ,3
342,1500 BURNET AV   ,3
343,1000 E  ADAMS ST     ,3
344,1800 BUTTERNUT ST     ,3
345,500 SOLAR ST     ,3
346,900 N MCBRIDE ST     ,3
347,200 W FAYETTE ST     ,3
348,1000 N  TOWNSEND ST     ,3
349,1700 N  SALINA ST     ,3
350,1800 ERIE BLVD E ,3
351,200 W BORDEN AV   ,3
352,300 N  SALINA ST     ,3
353,300 FITCH ST     ,3
354,100 PETERS ST     ,3
355,700 N  ALVORD ST     ,3
356,600 MIDLAND AV   ,3
357,100 HERKIMER ST     ,3
358,100 GREEN ST     ,3
359,200 WOODBINE AV   ,3
360,2700 ERIE BLVD E ,3
361,600 S  CROUSE AVE    ,3
362,500 DANFORTH ST     ,3
363,100 COMSTOCK PL     ,3
364,800 LANCASTER AV   ,3
365,2000 PARK ST     ,3
366,2100 ERIE BLVD E ,3
367,700 W  ONONDAGA ST     ,3
368,700 IRVING AVE    ,3
369,100 E WASHINGTON ST     ,3
370,2100 GRANT BLVD   ,3
371,2100 PARK ST     ,3
372,700 N  SALINA ST     ,3
373,200 GRUMBACH AV   ,3
374,700 N ALVORD ST     ,3
375,100 FISH AV   ,3
376,600 N  SALINA ST     ,3
377,100 PARKSIDE AV   ,3
378,600 CATHERINE ST     ,3
379,600 COMSTOCK        ,3
380,300 BRUCE ST     ,3
381,200 CARLTON RD     ,3
382,400 DURSTON AV   ,3
383,200 DALE ST     ,3
384,100 ANNETTA ST     ,3
385,100 FELLOWS AV   ,3
386,100 MULBERRY TER    ,3
387,100 ELK ST     ,3
388,700 SOUTH AV   ,3
389,200 FITCH ST     ,3
390,100 E JEFFERSON ST     ,3
391,200 FURMAN ST     ,3
392,100 E ONONDAGA ST     ,3
393,500 CLARENDON ST     ,3
394,400 E DIVISION ST     ,3
395,700 CANAL ST     ,3
396,600 SOUTH AVE    ,3
397,600 S GEDDES ST     ,3
398,600 ROWLAND ST     ,3
399,100 CONCORD PL     ,3
400,600 WALNUT AV   ,3
401,200 ASHWORTH PL     ,3
402,200 LAKEVIEW AV   ,3
403,100 BALLARD AV   ,3
404,400 ROWLAND ST     ,3
405,200 TEALL AV   ,3
406,200 BARRETT ST     ,3
407,700 E  ADAMS ST     ,3
408,700 E FAYETTE ST     ,3
409,400 GRAVES ST     ,3
410,700 ERIE BLVD W ,3
411,200 BEECHER ST     ,3
412,0 MAXWELL CT     ,3
413,600 W GENESEE ST     ,3
414,200 S SALINA ST     ,3
415,200 HIER AV   ,3
416,800 PARK AV   ,3
417,2600 JAMES ST     ,3
418,100 BALL CIR    ,3
419,100 BALDWIN AV   ,3
420,300 E WASHINGTON ST     ,3
421,200 HERALD PL     ,3
422,400 JAMES ST     ,3
423,700 LIVINGSTON AVE    ,3
424,700 PARK AVE    ,3
425,400 SHONNARD ST     ,3
426,100 LIGHT CT     ,3
427,500 UNIVERSITY AV   ,3
428,700 EUCLID AV   ,3
429,800 HIAWATHA BLVD E ,3
430,700 E GENESEE ST     ,3
431,1900 JAMES ST     ,3
432,600 N FRANKLIN ST     ,3
433,100 FARM ACRE RD     ,3
434,300 DOUGLAS ST     ,3
435,700 W ONONDAGA ST     ,3
436,100 HOPE AV   ,3
437,900 SPENCER ST     ,3
438,100 HATCH ST     ,3
439,100 MALVERNE DR     ,3
440,300 STAFFORD AV   ,3
441,700 STINARD AV   ,3
442,200 ROBERT DR     ,3
443,2800 ERIE BLVD E ,3
444,100 HELEN ST     ,3
445,500 HIAWATHA BLVD E ,3
446,300 UNIVERSITY AV   ,3
447,200 GRAND AV   ,3
448,100 ONONDAGA AV   ,3
449,700 S WARREN ST     ,3
450,100 HIGH ST     ,3
451,300 VALLEY DR     ,3
452,200 PALMER AVE    ,3
453,300 N  EDWARDS AVE    ,2
454,1000 COMSTOCK AV   ,2
455,1600 W  ONONDAGA ST     ,2
456,300 WHITTIER AV   ,2
457,1200 PARK ST     ,2
458,500 JAMES ST     ,2
459,1700 JAMES ST     ,2
460,300 JOHN ST     ,2
461,400 S  ALVORD ST     ,2
462,500 S  STATE ST     ,2
463,2600 ERIE BLVD E,2
464,300 E DIVISION ST     ,2
465,300 W MATSON AV   ,2
466,300 MILBURN DR     ,2
467,1700 MEADOWBROOK DR     ,2
468,1600 SPRING ST     ,2
469,700 E BRIGHTON AV   ,2
470,300 WHITTIER AVE    ,2
471,400 BRADLEY ST     ,2
472,400 CARBON ST     ,2
473,700 E  GENESEE ST     ,2
474,200 WARNER AV   ,2
475,700 COURT ST     ,2
476,700 EUCLID AVE    ,2
477,300 PLEASANTVIEW AV   ,2
478,300 E BRIGHTON AV   ,2
479,400 VELASKO RD     ,2
480,1700 GRANT BLVD   ,2
481,300 FOREST HILL DR     ,2
482,200 HOLLAND ST     ,2
483,400 BURNS AV   ,2
484,300 GARFIELD AV   ,2
485,800 TEALL AV   ,2
486,400 W DIVISION ST     ,2
487,300 N COLLINGWOOD AV   ,2
488,400 W BRIGHTON AV   ,2
489,400 W  ONONDAGA ST     ,2
490,300 PROSPECT AV   ,2
491,300 PINE ST     ,2
492,400 SPRING ST     ,2
493,400 WILKINSON ST     ,2
494,500 HIGHLAND ST     ,2
495,700 CATHERINE ST     ,2
496,200 FOREST HILL DR     ,2
497,300 W WASHINGTON ST     ,2
498,200 MARY ST     ,2
499,2400 LODI ST     ,2
500,400 WINDING RIDGE RD     ,2
501,1900 E GENESEE ST     ,2
502,200 STRATHMORE DR     ,2
503,1400 E  GENESEE ST     ,2
504,300 MIDLAND AV   ,2
505,500 HICKOK AV   ,2
506,200 RICH ST     ,2
507,200 N CLINTON ST     ,2
508,200 SLOCUM AVE    ,2
509,200 PUTNAM ST     ,2
510,200 TENNYSON AV   ,2
511,300 LEWIS ST     ,2
512,200 SHOTWELL PARK   ,2
513,400 S CLINTON ST     ,2
514,300 ESSEX ST     ,2
515,300 LYDELL ST     ,2
516,300 FELLOWS AV   ,2
517,200 PHARIS ST     ,2
518,200 LEON ST     ,2
519,300 FERNDALE DR     ,2
520,300 MAPLE ST     ,2
521,300 MERRIMAN AV   ,2
522,200 N TOWNSEND ST     ,2
523,200 W  BEARD AVE    ,2
524,1200 ERIE BLVD W ,2
525,1200 ERIE BLVD E ,2
526,200 PAUL AV   ,2
527,200 BELLE AV   ,2
528,400 GREENWOOD PL     ,2
529,200 BEATTIE ST     ,2
530,1100 W COLVIN ST     ,2
531,200 N BEECH ST     ,2
532,1500 S  SALINA ST     ,2
533,200 TAFT AV   ,2
534,3100 E  GENESEE ST     ,2
535,300 HELEN ST     ,2
536,400 PEARL ST     ,2
537,600 W ONONDAGA ST     ,2
538,1300 BURNET AV   ,2
539,600 W NEWELL ST     ,2
540,1600 S SALINA ST     ,2
541,300 E WILLOW ST     ,2
542,1600 S  GEDDES ST     ,2
543,300 N CLINTON ST     ,2
544,200 MONTGOMERY ST     ,2
545,2200 E  GENESEE ST     ,2
546,600 S WARREN ST     ,2
547,200 MYRTLE ST     ,2
548,600 S SALINA ST     ,2
549,400 S  CLINTON ST     ,2
550,200 MOORE AVE    ,2
551,1600 BURNET AV   ,2
552,1500 W GENESEE ST     ,2
553,1500 W  COLVIN ST     ,2
554,200 BRYANT AVE    ,2
555,200 BRYANT AV   ,2
556,2100 E FAYETTE ST     ,2
557,1500 S SALINA ST     ,2
558,2100 E  FAYETTE ST     ,2
559,400 IVY RIDGE RD     ,2
560,2600 MIDLAND AV   ,2
561,300 W JEFFERSON ST     ,2
562,700 TULLY ST     ,2
563,200 ROOSEVELT AV   ,2
564,300 TENNYSON AV   ,2
565,2400 GRANT BLVD   ,2
566,200 FOBES AV   ,2
567,200 RICHMOND AV   ,2
568,200 PATTISON ST     ,2
569,200 N EDWARDS AV   ,2
570,1300 E GENESEE ST     ,2
571,300 STATE FAIR BLVD   ,2
572,200 BURNET AV   ,2
573,200 MCLENNAN AV   ,2
574,200 MARTIN ST     ,2
575,200 MARGUERITE AVE    ,2
576,200 MARGUERITE AV   ,2
577,1300 SALT SPRINGS RD     ,2
578,200 MAPLEHURST AV   ,2
579,500 E WILLOW ST     ,2
580,500 ERIE BLVD E ,2
581,200 LORRAINE AV   ,2
582,200 S  SALINA ST     ,2
583,300 SPENCER ST     ,2
584,200 WHITTIER AVE    ,2
585,200 CAMBRIDGE ST     ,2
586,200 LILLIAN AV   ,2
587,700 MARYLAND AV   ,2
588,200 ROOSEVELT AVE    ,2
589,200 E JEFFERSON ST     ,2
590,200 SALT SPRINGS RD     ,2
591,200 DORCHESTER AV   ,2
592,200 WASHINGTON SQ     ,2
593,2600 MIDLAND AVE    ,2
594,2600 E GENESEE ST     ,2
595,600 N  TOWNSEND ST     ,2
596,300 BOYDEN ST     ,2
597,2200 LODI ST     ,2
598,500 BUCKINGHAM AV   ,2
599,2900 E GENESEE ST     ,2
600,600 N  FRANKLIN ST     ,2
601,600 OSWEGO ST     ,2
602,300 UNIVERSITY PL     ,2
603,500 BURNET AV   ,2
604,2200 S GEDDES ST     ,2
605,200 S  WARREN ST     ,2
606,300 BASIN ST     ,2
607,600 BELLEVUE AV   ,2
608,200 WALNUT PL     ,2
609,200 CAYUGA ST     ,2
610,2500 MIDLAND AV   ,2
611,200 CLEVELAND AV   ,2
612,300 CATHERINE ST     ,2
613,200 CRESCENT AVE    ,2
614,200 W WILLOW ST     ,2
615,700 WESTCOTT ST     ,2
616,500 COLUMBUS AV   ,2
617,200 KENWICK DR     ,2
618,700 LEMOYNE AVE    ,2
619,300 COLUMBUS AV   ,2
620,300 ASHDALE AV   ,2
621,500 N  SALINA ST     ,2
622,200 WADSWORTH ST     ,2
623,1300 N SALINA ST     ,2
624,2100 MIDLAND AV   ,2
625,1200 W BELDEN AV   ,2
626,200 E BORDEN AV   ,2
627,200 GARFIELD AV   ,2
628,200 ROBERTS AV   ,2
629,2700 BURNET AVE    ,2
630,500 W ONONDAGA ST     ,2
631,700 W  GENESEE ST     ,2
632,500 BUTTERNUT ST   ,2
633,500 W  BRIGHTON AVE    ,2
634,300 DUANE ST     ,2
635,300 ROBINSON ST     ,2
636,1200 TEALL AV   ,2
637,300 W CALTHROP AV   ,2
638,500 UNIVERSITY AVE    ,2
639,800 DANFORTH ST     ,2
640,500 IVY RIDGE RD     ,2
641,600 N LOWELL AV   ,2
642,400 BEAR ST     ,2
643,200 FIRST NORTH ST     ,2
644,1700 W GENESEE ST     ,2
645,1200 S STATE ST     ,2
646,1200 WESTCOTT ST     ,2
647,2000 SOUTH AV   ,2
648,2600 S SALINA ST     ,2
649,500 PARK AV   ,2
650,300 CLOVER RIDGE DR     ,2
651,200 COLUMBIA AV   ,2
652,200 HIXSON AV   ,2
653,400 ULSTER ST     ,2
654,200 HERRIMAN ST     ,2
655,400 E BRIGHTON AV   ,2
656,200 GRAVES ST     ,2
657,2800 MIDLAND AV   ,2
658,500 N STATE ST     ,2
659,200 WOODBINE AVE    ,2
660,500 HAWLEY AVE    ,2
661,300 FOBES AVE    ,2
662,1300 BELLEVUE AV   ,2
663,500 WALNUT AVE    ,2
664,2000 E GENESEE ST     ,2
665,500 POND ST     ,2
666,200 W CORNING AV   ,2
667,200 COMSTOCK AVE    ,2
668,700 W BRIGHTON AV   ,2
669,2000 GRANT BLVD   ,2
670,1900 W FAYETTE ST     ,2
671,800 FIRST NORTH ST     ,2
672,300 S  WARREN ST     ,2
673,500 WALNUT AV   ,2
674,300 MELROSE AV   ,2
675,700 HICKORY ST     ,2
676,900 CUMBERLAND AV   ,2
677,100 HOOD AVE    ,2
678,100 STOLP AVE    ,2
679,900 ERIE BLVD E ,2
680,700 SECOND NORTH ST     ,2
681,100 MAINS AVE    ,2
682,100 HUNTER AVE    ,2
683,100 STEWART CT     ,2
684,100 JAMESVILLE AV   ,2
685,300 TURTLE ST     ,2
686,100 MAPLE TER    ,2
687,100 SUNNYCREST RD     ,2
688,100 JOHN ST     ,2
689,400 ASH ST     ,2
690,100 TYLER CT     ,2
691,100 S MIDLER AV   ,2
692,400 ALLEN ST     ,2
693,100 UPLAND RD     ,2
694,100 KENMORE AV   ,2
695,100 STOLP AV   ,2
696,100 HOOD AV   ,2
697,100 PENTA DR     ,2
698,900 N STATE ST     ,2
699,100 POND ST     ,2
700,800 S STATE ST     ,2
701,100 PUTNAM ST     ,2
702,900 WESTMORELAND AV   ,2
703,100 MAINS AV   ,2
704,900 W BELDEN AV   ,2
705,100 GRAY AV   ,2
706,100 GRAY AVE    ,2
707,100 GRIFFIN ST     ,2
708,100 GRUMBACH AV   ,2
709,100 GRIFFITHS ST     ,2
710,100 GRUMBACH AVE    ,2
711,100 HAROLD ST     ,2
712,100 HARTSON ST     ,2
713,900 SALT SPRINGS RD     ,2
714,100 HAWTHORNE ST     ,2
715,100 HERALD PL     ,2
716,300 SALT SPRINGS RD     ,2
717,100 SEWARD ST     ,2
718,100 SEYMOUR ST     ,2
719,1200 IVY RIDGE RD     ,2
720,400 HICKOK AV   ,2
721,100 MCALLISTER AV   ,2
722,100 S SALINA ST     ,2
723,100 SCOTTHOLM TER    ,2
724,100 MCKINLEY AV   ,2
725,3000 S SALINA ST     ,2
726,400 TOMPKINS ST     ,2
727,100 TITUS AL     ,2
728,400 TIOGA ST     ,2
729,100 TRUTH TER    ,2
730,100 MILBURN DR     ,2
731,100 SHIRLEY RD     ,2
732,100 MILDRED AVE    ,2
733,100 VALLEY VIEW DR     ,2
734,100 SHONNARD ST     ,2
735,4700 S  SALINA ST     ,2
736,1000 COL EILEEN COLLINS BLVD   ,2
737,400 UNION PL     ,2
738,1000 BELLEVUE AV   ,2
739,100 MAY AVE    ,2
740,100 MARTIN ST     ,2
741,100 RICH ST     ,2
742,100 RICHARDSON AV   ,2
743,1200 VALLEY DR     ,2
744,400 JOHN ST     ,2
745,100 MARTIN LUTHER KING      W ,2
746,100 RICHMOND AV   ,2
747,1100 BUTTERNUT ST     ,2
748,1200 W  GENESEE ST     ,2
749,1100 N TOWNSEND ST     ,2
750,100 RIDGEWAY AV   ,2
751,100 KIRK PARK DR     ,2
752,1200 W GENESEE ST     ,2
753,1100 E  GENESEE ST     ,2
754,300 S GEDDES ST     ,2
755,100 MATHER ST     ,2
756,100 SIXTH NORTH ST     ,2
757,100 POND LN     ,2
758,100 PECK AV   ,2
759,1000 DANFORTH ST     ,2
760,900 AVERY AVE    ,2
761,700 OSTROM AVE    ,2
762,800 HIGHLAND ST     ,2
763,0 SCHOENECK CT     ,2
764,0 BRATTLE RD     ,2
765,0 STONE CT     ,2
766,700 N STATE ST     ,2
767,800 E WILLOW ST     ,2
768,100 CROTON TER    ,2
769,100 CULBERT ST     ,2
770,100 CUMMINGS AV   ,2
771,100 CURTIS ST     ,2
772,700 LODI ST     ,2
773,800 SALT SPRINGS RD     ,2
774,100 MERRIMAN AV   ,2
775,100 E  BISSELL ST     ,2
776,800 S  STATE ST     ,2
777,100 E  WATER ST     ,2
778,700 PARK AV   ,2
779,900 CALEB AVE    ,2
780,100 PALMER AV   ,2
781,700 POND ST     ,2
782,700 HAWLEY AVE    ,2
783,700 E LAUREL ST     ,2
784,700 E ADAMS ST     ,2
785,700 E  FAYETTE ST     ,2
786,100 ANGELOU TER    ,2
787,100 AVONDALE PL     ,2
788,100 BERWYN AVE    ,2
789,100 BLOSSOM RD     ,2
790,100 CHATHAM RD     ,2
791,100 CLIFFSIDE DR     ,2
792,100 COLERIDGE AVE    ,2
793,600 W LAFAYETTE AV   ,2
794,100 DAVIS ST     ,2
795,600 VINE ST     ,2
796,100 E GENESEE ST     ,2
797,0 MACDOUGALL PL     ,2
798,700 S BEECH ST     ,2
799,800 E  BRIGHTON AVE    ,2
800,100 E BEARD AV   ,2
801,800 S CROUSE AV   ,2
802,800 COMSTOCK AV   ,2
803,100 ALEXANDER AV   ,2
804,100 LAMBRETH LN     ,2
805,100 LATIMER TER    ,2
806,600 LEMOYNE AVE    ,2
807,100 E WATER ST     ,2
808,100 ELDORADO ST     ,2
809,600 GIFFORD ST     ,2
810,100 FERNWOOD AVE    ,2
811,600 E COLVIN ST     ,2
812,100 N  SALINA ST     ,2
813,600 E  SENECA TPKE   ,2
814,100 FORD AVE    ,2
815,600 E  DIVISION ST     ,2
816,100 FOURTH NORTH ST     ,2
817,100 N SALINA ST     ,2
818,100 OAKWOOD AVE    ,2
819,100 OLIVE ST     ,2
820,100 JUDSON ST     ,2
821,100 IRON PIER DR     ,2
822,100 HANCOCK DR     ,2
823,800 OSTROM AV   ,2
824,100 LINWILL TER    ,2
825,100 ASHDALE AV   ,2
826,100 MADISON ST     ,2
827,100 BEECHER ST     ,2
828,100 BENEDICT AV   ,2
829,100 BERGER AVE    ,2
830,100 BERKSHIRE AVE    ,2
831,100 BURNET AV   ,2
832,100 GROVE ST     ,2
833,700 WOLF ST     ,2
834,100 CLARENDON ST     ,2
835,100 ELLEN ST     ,2
836,100 EMERSON AV   ,2
837,600 S CROUSE AV   ,2
838,100 FRISBIE CT     ,2
839,100 GIMINSKI DR     ,2
840,100 W  BEARD AVE    ,2
841,200 LOCKWOOD RD     ,2
842,1000 WOLF ST     ,2
843,200 SEDGWICK DR     ,2
844,100 W  SENECA TPKE   ,2
845,1400 SOUTH AV   ,2
846,900 IRVING AV   ,2
847,1000 LODI ST     ,2
848,1400 W  COLVIN ST     ,2
849,1000 FIRST NORTH ST     ,2
850,400 DOUGLAS ST     ,2
851,4600 ONONDAGA BLVD   ,2
852,300 OSTROM AVE    ,2
853,1400 SALT SPRINGS RD     ,2
854,100 W  LAFAYETTE AVE    ,2
855,900 IVY RIDGE RD     ,2
856,1400 VALLEY DR     ,2
857,1000 POND ST     ,2
858,100 N MIDLER AV   ,2
859,300 OAKWOOD AV   ,2
860,100 SPAULDING AV   ,2
861,200 SHONNARD ST     ,2
862,100 W  COLVIN ST     ,2
863,100 SPRING ST     ,2
864,400 CHURCHILL AV   ,2
865,100 WOLCOTT TER    ,2
866,1600 BUTTERNUT ST     ,2
867,400 W  SENECA TPKE   ,2
868,1400 W COLVIN ST     ,2
869,400 COURT ST     ,2
870,4600 S  SALINA ST     ,2
871,1300 W ONONDAGA ST     ,2
872,200 S COLLINGWOOD AV   ,2
873,400 STRATFORD ST     ,2
874,1300 VALLEY DR     ,2
875,100 W DIVISION ST     ,2
876,400 FELLOWS AV   ,2
877,3000 BURNET AVE    ,2
878,100 WEBSTER AV   ,2
879,1600 E FAYETTE ST     ,2
880,900 E  BRIGHTON AVE    ,2
881,1000 LANCASTER AV   ,2
882,300 W SENECA TPKE   ,2
883,100 STADIUM PL     ,2
884,200 SCOTTHOLM TER    ,2
885,1000 IVY RIDGE RD     ,2
886,1500 BELLEVUE AV   ,2
887,900 BUTTERNUT ST     ,2
888,1100 E ADAMS ST     ,2
889,200 UNIVERSITY PL     ,2
890,1000 E GENESEE ST     ,2
891,1100 ERIE BLVD E ,2
892,1000 S GEDDES ST     ,2
893,300 WILKINSON ST     ,2
894,900 S  GEDDES ST     ,2
895,1000 TYSON PL     ,2
896,900 S  SALINA ST     ,2
897,900 S GEDDES ST     ,2
898,4400 S SALINA ST     ,2
899,500 WOLF ST   ,1
900,800 N TOWNSEND ST     ,1
901,800 AVERY AVE    ,1
902,500 W BRIGHTON AV   ,1
903,500 E  BRIGHTON AVE    ,1
904,400 S  STATE ST     ,1
905,400 W COLVIN ST     ,1
906,800 N STATE ST     ,1
907,2400 S  STATE ST     ,1
908,700 UNIVERSITY AVE    ,1
909,500 WESTMORELAND AV   ,1
910,500 CEDAR ST     ,1
911,400 DANFORTH ST     ,1
912,600 GLENWOOD AV   ,1
913,800 N GEDDES ST     ,1
914,800 MONTGOMERY ST     ,1
915,800 MEADOWBROOK DR     ,1
916,800 MILTON AV   ,1
917,500 WOLF ST     ,1
918,800 BEAR ST     ,1
919,800 OSTROM AVE    ,1
920,500 BOYDEN ST     ,1
921,300 CATAWBA ST     ,1
922,800 E  BRIGHTON AV   ,1
923,400 WOODBINE AVE    ,1
924,400 WYOMING ST     ,1
925,500 BEATTIE ST     ,1
926,400 S FRANKLIN ST     ,1
927,300 BUTTERNUT ST     ,1
928,600 E DIVISION ST     ,1
929,600 E LAUREL ST     ,1
930,300 CALEB AV   ,1
931,600 ASH ST     ,1
932,600 ATLANTIC AV   ,1
933,500 BRYANT AV   ,1
934,600 E SENECA TPKE   ,1
935,600 E WASHINGTON ST     ,1
936,600 ERIE BLVD W ,1
937,800 COMSTOCK        ,1
938,800 POND ST     ,1
939,600 HIAWATHA BLVD E ,1
940,2500 BURNET AVE    ,1
941,800 MIDLAND AVE    ,1
942,2600 S  SALINA ST     ,1
943,700 UNIVERSITY        ,1
944,800 MIDLAND AV   ,1
945,600 LEMOYNE AV   ,1
946,700 HIGHLAND ST     ,1
947,600 POND ST     ,1
948,700 S  CROUSE AV   ,1
949,300 WAVERLY AV   ,1
950,600 LODI ST     ,1
951,700 JAMESVILLE AV   ,1
952,500 TULLY ST     ,1
953,600 MADISON ST     ,1
954,500 TEALL AV   ,1
955,700 LANCASTER AV   ,1
956,600 OTISCO ST     ,1
957,500 S STATE ST     ,1
958,600 N CLINTON ST     ,1
959,300 WARNER AVE    ,1
960,600 MERTENS AV   ,1
961,400 SKYTOP RD     ,1
962,700 LEMOYNE AV   ,1
963,600 MARCELLUS ST     ,1
964,600 OAKWOOD AV   ,1
965,600 MONTGOMERY ST     ,1
966,600 JOHN ST     ,1
967,600 PLYMOUTH DR     ,1
968,600 HIAWATHA BLVD W,1
969,700 W NEWELL ST     ,1
970,500 WHITTIER AVE    ,1
971,500 STINARD AV   ,1
972,700 WILLIS AVE    ,1
973,400 E GLEN AV   ,1
974,300 BRYANT AVE    ,1
975,700 SUMNER AVE    ,1
976,700 WILLIS AV   ,1
977,700 SUMNER AV   ,1
978,700 SUMMIT AV   ,1
979,700 W COLVIN ST     ,1
980,700 S GEDDES ST     ,1
981,500 WADSWORTH ST     ,1
982,600 SCOVILLE AV   ,1
983,700 SPRING ST     ,1
984,500 WHITTIER AV   ,1
985,600 S WEST ST     ,1
986,600 S WEST ST   ,1
987,400 DELAWARE ST     ,1
988,600 S CLINTON ST     ,1
989,600 JAMESVILLE AV   ,1
990,600 S  CROUSE AV   ,1
991,500 JOHN ST     ,1
992,400 DAKIN ST     ,1
993,300 MOSLEY DR     ,1
994,300 MONTGOMERY ST   ,1
995,700 CLARENDON ST     ,1
996,200 W  LAFAYETTE AVE    ,1
997,200 W  LAFAYETTE RD     ,1
998,700 BALLANTYNE RD     ,1
999,200 W  NEWELL ST     ,1
1000,200 W COLVIN ST     ,1
1001,200 W BEARD AV   ,1
1002,200 W DIVISION ST     ,1
1003,200 W OSTRANDER AV   ,1
1004,600 WALLNUT PL     ,1
1005,200 W SENECA TPKE   ,1
1006,300 MILTON AV   ,1
1007,600 W BEAR ST   ,1
1008,400 HAWLEY AV   ,1
1009,600 VELASKO RD     ,1
1010,300 ONEIDA ST     ,1
1011,600 S  GEDDES ST     ,1
1012,600 S  WARREN ST     ,1
1013,600 UNIVERSITY AV   ,1
1014,600 S  SALINA ST     ,1
1015,600 UNIVERSITY    ,1
1016,600 TULLY ST     ,1
1017,600 TEALL AV   ,1
1018,600 S TOWNSEND ST   ,1
1019,300 NICHOLS AV   ,1
1020,200 MARTIN LUTHER KING  W,1
1021,600 BUTTERNUT ST   ,1
1022,200 MARTIN LUTHER KING  E ,1
1023,300 MALVERNE DR     ,1
1024,700 HARRISON ST     ,1
1025,200 VANN ST     ,1
1026,200 MAGNOLIA ST     ,1
1027,300 N  GEDDES ST     ,1
1028,200 MARIPOSA ST     ,1
1029,200 VALLEY DR     ,1
1030,700 HAWLEY AV   ,1
1031,700 HAMILTON ST     ,1
1032,700 E WILLOW ST     ,1
1033,300 N  CLINTON ST     ,1
1034,300 N  LOWELL AVE    ,1
1035,200 W  DIVISION ST     ,1
1036,200 MARTIN LUTHER KING      E ,1
1037,700 E  LAUREL ST     ,1
1038,200 W  JEFFERSON ST     ,1
1039,200 BRATTLE RD     ,1
1040,300 N GEDDES ST     ,1
1041,200 W  MATSON AVE    ,1
1042,700 E  DIVISION ST     ,1
1043,700 CROSSETT ST     ,1
1044,200 BRADLEY ST     ,1
1045,200 W  LAFAYETTE AV   ,1
1046,200 BRIGGS ST     ,1
1047,300 N SALINA ST   ,1
1048,300 PALMER AV   ,1
1049,600 STINARD AV   ,1
1050,600 SKYTOP RD     ,1
1051,600 TURTLE ST     ,1
1052,300 KINNE ST     ,1
1053,400 SCOTT AV   ,1
1054,800 UNIVERSITY AVE    ,1
1055,400 SEYMOUR ST     ,1
1056,800 EMERSON AVE    ,1
1057,800 EMERSON AV   ,1
1058,400 SPENCER ST     ,1
1059,400 STAFFORD AVE    ,1
1060,400 SUNRISE DR     ,1
1061,400 W  COLVIN ST     ,1
1062,400 SUNSET AV   ,1
1063,400 CORTLAND AV   ,1
1064,400 VELASKO RD   ,1
1065,400 VILLAGE DR     ,1
1066,300 WEBSTER AV   ,1
1067,800 UNIVERSITY        ,1
1068,800 STOLP AVE    ,1
1069,400 W  NEWELL ST     ,1
1070,400 W GENESEE ST     ,1
1071,800 SOUTH AV   ,1
1072,400 CRADDOCK ST     ,1
1073,600 CALEB AV   ,1
1074,800 E  WASHINGTON ST     ,1
1075,400 W OSTRANDER AV   ,1
1076,800 E  WILLOW ST     ,1
1077,400 S SALINA ST   ,1
1078,700 NIAGARA ST     ,1
1079,800 VINE ST     ,1
1080,900 CALEB AV   ,1
1081,600 SCHUYLER ST     ,1
1082,700 S  WEST ST     ,1
1083,300 OSWEGO ST     ,1
1084,600 ULSTER ST     ,1
1085,600 W  NEWELL ST     ,1
1086,600 W  ONONDAGA ST     ,1
1087,700 S  BEECH ST     ,1
1088,700 PARK ST     ,1
1089,700 RUGBY RD     ,1
1090,600 W ONONDAGA ST   ,1
1091,600 W OSTRANDER AV   ,1
1092,400 S  COLLINGWOOD AVE    ,1
1093,800 W BELDEN AV   ,1
1094,700 ALLEN ST     ,1
1095,300 LAFORTE AV   ,1
1096,700 DANFORTH ST     ,1
1097,700 E  BRIGHTON AVE    ,1
1098,400 VANN ST     ,1
1099,400 S  LOWELL AVE    ,1
1100,800 W FAYETTE ST     ,1
1101,300 W PLEASANT AV   ,1
1102,700 N TOWNSEND ST     ,1
1103,800 HAWLEY AV   ,1
1104,800 VAN RENSSELAER ST     ,1
1105,600 CANNON ST     ,1
1106,600 FELLOWS AVE    ,1
1107,500 WILLIS AV   ,1
1108,500 PLYMOUTH DR     ,1
1109,3400 MIDLAND AVE    ,1
1110,500 ROWLAND ST     ,1
1111,300 RIEGEL ST   ,1
1112,2500 GRANT BLVD   ,1
1113,300 ARNOLD AV   ,1
1114,400 FITCH ST     ,1
1115,300 RIEGEL ST     ,1
1116,400 KIRK AV   ,1
1117,900 FIRST NORTH ST     ,1
1118,300 BAKER AV   ,1
1119,900 HAZELWOOD AV   ,1
1120,2900 S SALINA ST   ,1
1121,400 JAMESVILLE AVE    ,1
1122,900 IRVING        ,1
1123,500 S CLINTON ST   ,1
1124,3300 S  SALINA ST     ,1
1125,400 JOHN ST   ,1
1126,300 W  LAFAYETTE AVE    ,1
1127,900 IRVING AVE    ,1
1128,2600 BURNET AV   ,1
1129,300 BRYANT AV   ,1
1130,400 UNIVERSITY AVE    ,1
1131,400 JAMESVILLE AV   ,1
1132,400 HOWARD ST     ,1
1133,500 SUMMIT AV   ,1
1134,300 AINSLEY DR     ,1
1135,500 OAKWOOD AV   ,1
1136,400 MONTGOMERY ST     ,1
1137,400 LIBERTY ST     ,1
1138,500 HIAWATHA BLVD W ,1
1139,300 SOUTH AV   ,1
1140,400 ACADEMY PL     ,1
1141,3800 S  SALINA ST     ,1
1142,400 MAPLE ST     ,1
1143,3700 S  SALINA ST     ,1
1144,3500 S  SALINA ST     ,1
1145,2900 ERIE BLVD E ,1
1146,400 STRATFORD ST   ,1
1147,800 N  CLINTON ST     ,1
1148,3700 MIDLAND AVE    ,1
1149,300 SCOTT AVE    ,1
1150,800 MARYLAND AV   ,1
1151,3500 MIDLAND AV   ,1
1152,500 MELROSE AVE    ,1
1153,400 LILLIAN AVE    ,1
1154,400 VALLEY DR     ,1
1155,300 PARK ST   ,1
1156,500 MOSLEY DR     ,1
1157,800 E COLVIN ST     ,1
1158,500 MOUNTAINVIEW AV   ,1
1159,400 LILLIAN AV   ,1
1160,400 TEMPLE ST     ,1
1161,400 KIRKPATRICK ST     ,1
1162,500 S FRANKLIN ST     ,1
1163,300 S CROUSE AV   ,1
1164,500 SUMMIT AVE    ,1
1165,400 HUBBELL AV   ,1
1166,500 RICHMOND AV   ,1
1167,900 ONONDAGA AV ,1
1168,500 E WATER ST ,1
1169,3100 BURNET AVE    ,1
1170,500 E WASHINGTON ST     ,1
1171,500 E WATER ST     ,1
1172,900 ONONDAGA AV   ,1
1173,500 E WILLOW ST   ,1
1174,500 N GEDDES ST   ,1
1175,3000 ERIE BLVD E,1
1176,500 AUDUBON PKWY   ,1
1177,500 MARCELLUS ST     ,1
1178,500 ASH ST     ,1
1179,500 MILTON AV   ,1
1180,4700 S SALINA ST     ,1
1181,500 LEMOYNE AV   ,1
1182,500 KIRKPATRICK ST     ,1
1183,300 ROBERTS AVE    ,1
1184,4600 S SALINA ST     ,1
1185,500 FABIUS ST     ,1
1186,500 GARFIELD AV   ,1
1187,400 WOODRUFF AVE    ,1
1188,300 ULSTER ST     ,1
1189,500 KENSINGTON RD     ,1
1190,900 S MCBRIDE ST     ,1
1191,500 GRAND AV   ,1
1192,500 E DIVISION ST     ,1
1193,500 E  WILLOW ST     ,1
1194,500 E  SENECA TPKE   ,1
1195,900 LANCASTER AVE    ,1
1196,400 HIXSON AV   ,1
1197,500 AVERY AV   ,1
1198,900 TYSON PL     ,1
1199,400 HERKIMER ST     ,1
1200,4900 S  SALINA ST     ,1
1201,4900 S SALINA ST     ,1
1202,3300 JAMES ST     ,1
1203,500 RICHMOND AVE    ,1
1204,900 W LAFAYETTE AV   ,1
1205,3200 S  SALINA ST     ,1
1206,3200 E GENESEE ST     ,1
1207,900 N  MCBRIDE ST     ,1
1208,500 NORTHCLIFFE RD     ,1
1209,500 BURNET AVE    ,1
1210,500 CANNON ST     ,1
1211,400 GRANT AV   ,1
1212,300 S  FRANKLIN ST     ,1
1213,400 TULLY ST     ,1
1214,500 PARK ST     ,1
1215,400 BARNES AV   ,1
1216,400 GRAND AVE    ,1
1217,900 N ALVORD ST     ,1
1218,900 N SALINA ST     ,1
1219,500 COURT ST   ,1
1220,300 HATCH ST     ,1
1221,300 GENESEE PARK DR     ,1
1222,600 ALLEN ST     ,1
1223,MEADOWBROOK DR & FELLOWS AVE    ,1
1224,900 WILLIS AVE    ,1
1225,400 ELLIOTT ST     ,1
1226,600 ROBINSON ST   ,1
1227,900 WALNUT AV   ,1
1228,300 HOLLAND ST     ,1
1229,700 WALNUT AV   ,1
1230,900 W  BELDEN AV   ,1
1231,2700 JAMES ST     ,1
1232,800 W  COLVIN ST     ,1
1233,2700 MIDLAND AV   ,1
1234,700 WOLCOTT AV   ,1
1235,2700 MIDLAND AVE    ,1
1236,400 WESTMORELAND AV   ,1
1237,700 WINTON ST     ,1
1238,300 HOEFLER ST     ,1
1239,900 VALLEY DR     ,1
1240,400 STINARD AV   ,1
1241,900 TURTLE ST     ,1
1242,400 PLEASANTVIEW AVE    ,1
1243,800 BUTTERNUT ST   ,1
1244,2800 MIDLAND AVE    ,1
1245,2800 S  SALINA ST     ,1
1246,300 COUGHLIN AV   ,1
1247,900 S STATE ST     ,1
1248,300 CORTLAND AV   ,1
1249,900 WOLF ST     ,1
1250,800 W  GENESEE ST     ,1
1251,300 GRAVES ST     ,1
1252,600 N TOWNSEND ST     ,1
1253,4200 S  SALINA ST     ,1
1254,400 S STATE ST     ,1
1255,400 E WATER ST     ,1
1256,600 E  COLVIN ST     ,1
1257,600 DARLINGTON RD     ,1
1258,600 COURT ST     ,1
1259,600 E  BRIGHTON AVE    ,1
1260,600 EUCLID AV   ,1
1261,600 DEWITT ST     ,1
1262,600 FELLOWS AV   ,1
1263,600 DANFORTH ST     ,1
1264,500 GIFFORD ST     ,1
1265,400 ELM ST     ,1
1266,600 HELEN ST     ,1
1267,600 CROSSETT ST     ,1
1268,600 HAMILTON ST   ,1
1269,400 CANNON ST     ,1
1270,600 N  MCBRIDE ST     ,1
1271,800 W ONONDAGA ST     ,1
1272,300 WOLCOTT AV   ,1
1273,700 ULSTER ST     ,1
1274,400 BURT ST     ,1
1275,300 JAMESVILLE AV   ,1
1276,700 TOMPKINS ST     ,1
1277,300 WOLF ST     ,1
1278,900 S TOWNSEND ST     ,1
1279,900 PARK ST     ,1
1280,300 COUGHLIN AVE    ,1
1281,4100 E GENESEE ST     ,1
1282,300 N CLINTON ST   ,1
1283,300 E WATER ST     ,1
1284,300 E WILLOW ST ,1
1285,700 SALT SPRINGS RD     ,1
1286,900 DANFORTH ST     ,1
1287,300 EDGEWOOD AVE    ,1
1288,900 COMSTOCK AVE    ,1
1289,900 COMSTOCK AV   ,1
1290,300 ERIE ST     ,1
1291,300 ENGLEWOOD AV   ,1
1292,400 WESTMORELAND AVE    ,1
1293,300 GREENWAY AVE    ,1
1294,300 VANN ST     ,1
1295,400 PARK AV   ,1
1296,300 TAFT AVE    ,1
1297,300 TAFT AV   ,1
1298,300 SUNSET AV   ,1
1299,800 SPRING ST     ,1
1300,300 HARRISON ST     ,1
1301,300 GENANT DR     ,1
1302,300 GRANT AV   ,1
1303,300 STOLP AVE    ,1
1304,800 NORTHWAY ST     ,1
1305,300 S SALINA ST   ,1
1306,300 GRANT BLVD   ,1
1307,700 S WEST ST     ,1
1308,300 E GLEN AV   ,1
1309,400 STOLP AVE    ,1
1310,300 DEWITT ST     ,1
1311,400 BRYANT AVE    ,1
1312,900 N TOWNSEND ST     ,1
1313,900 OAK ST     ,1
1314,400 BRYANT AV   ,1
1315,900 N CLINTON ST   ,1
1316,900 N CLINTON ST     ,1
1317,900 MYRTLE ST     ,1
1318,300 CRADDOCK ST     ,1
1319,900 MEADOWBROOK DR     ,1
1320,300 DELAWARE ST     ,1
1321,300 DOUGLAS ST   ,1
1322,300 DURSTON AV   ,1
1323,900 BUTTERNUT ST   ,1
1324,300 E  DIVISION ST     ,1
1325,300 E  GLEN AVE    ,1
1326,300 WINTON ST     ,1
1327,400 WINTON ST     ,1
1328,700 STINARD AVE    ,1
1329,300 E  WATER ST     ,1
1330,900 GLENWOOD AV   ,1
1331,400 SOLAR ST     ,1
1332,300 WOLF ST   ,1
1333,900 EMERSON AVE    ,1
1334,700 SOUTH AVE    ,1
1335,300 N BEECH ST     ,1
1336,0 BRADFORD CT     ,1
1337,300 LEXINGTON AVE    ,1
1338,100 MAXWELL AV   ,1
1339,1100 W GENESEE ST   ,1
1340,100 TAFT AV   ,1
1341,100 MCCORMICK AV   ,1
1342,1100 S TOWNSEND ST     ,1
1343,100 SLAYTON AV   ,1
1344,100 S LOWELL AV   ,1
1345,100 S  SALINA ST     ,1
1346,1000 BELLEVUE AVE    ,1
1347,100 S EDWARDS AV   ,1
1348,100 KNAUL ST     ,1
1349,100 ROWLAND ST     ,1
1350,100 ROBINSON ST     ,1
1351,1000 ACKERMAN AV   ,1
1352,100 MAY AV   ,1
1353,1100 N  TOWNSEND ST     ,1
1354,1100 JAMESVILLE AV   ,1
1355,100 WOODLAWN TER    ,1
1356,100 RIGI ST     ,1
1357,100 RIGI AVE    ,1
1358,1200 W ONONDAGA ST     ,1
1359,100 RIGI AV   ,1
1360,100 ROCKFORD DR     ,1
1361,100 MCCORMICK AVE    ,1
1362,100 SCOTTHOLM BLVD   ,1
1363,100 THURBER ST     ,1
1364,100 MCLENNAN AV   ,1
1365,1300 FIRST NORTH ST     ,1
1366,100 MOREY AVE    ,1
1367,100 SHOTWELL PK     ,1
1368,100 MOSLEY DR     ,1
1369,100 MORGAN AV   ,1
1370,100 MONTGOMERY ST     ,1
1371,1200 COMSTOCK AV   ,1
1372,100 MILTON AV   ,1
1373,100 VILLAGE DRIVE EXT    ,1
1374,100 MINERVA ST     ,1
1375,100 VINCENT ST     ,1
1376,1200 BUTTERNUT ST   ,1
1377,100 MILNOR AVE    ,1
1378,100 TWIN HILLS DR     ,1
1379,100 TURTLE ST     ,1
1380,100 SHERIDAN PL   ,1
1381,100 MIDLAND AV   ,1
1382,100 MERRITT AV   ,1
1383,100 RIVERDALE DR   ,1
1384,100 SEDGWICK DR     ,1
1385,100 LAFAYETTE RD   ,1
1386,1200 W GENESEE ST   ,1
1387,1100 CARBON ST   ,1
1388,1100 VALLEY DR     ,1
1389,100 MAPLEWOOD AV   ,1
1390,100 KEEN PL     ,1
1391,100 WESTMINSTER AV   ,1
1392,100 TOWERS LN     ,1
1393,100 MARSHALL ST   ,1
1394,100 S FRANKLIN ST     ,1
1395,100 MARKLAND AV   ,1
1396,100 MARKET ST   ,1
1397,100 SUNNYCREST RD   ,1
1398,100 MARIPOSA ST     ,1
1399,100 JASPER ST     ,1
1400,100 S  CARBON ST     ,1
1401,100 KIRK AVE    ,1
1402,100 STRATHMORE DR     ,1
1403,100 SUMMIT AV   ,1
1404,100 MANILLA ST     ,1
1405,100 JAMES ST     ,1
1406,100 S  ALVORD ST     ,1
1407,100 HURON ST     ,1
1408,100 MALVERNE DR   ,1
1409,100 RUTH AVE    ,1
1410,100 ST MARYS TER    ,1
1411,100 RUTH AV   ,1
1412,100 WINDING RIDGE RD     ,1
1413,100 KENMORE AVE    ,1
1414,100 SABINE ST     ,1
1415,100 VILLAGE DR   ,1
1416,100 KINNE ST     ,1
1417,1100 BELLEVUE AVE    ,1
1418,1100 BELLEVUE AV   ,1
1419,1200 S GLENCOVE RD     ,1
1420,1000 WESTCOTT ST     ,1
1421,1200 N  GLENCOVE RD     ,1
1422,100 WADSWORTH ST     ,1
1423,100 W WASHINGTON ST     ,1
1424,100 W OSTRANDER AV   ,1
1425,100 SEVENTH NORTH ST     ,1
1426,100 W FAYETTE ST     ,1
1427,100 SEELEY AVE    ,1
1428,100 W  WASHINGTON ST     ,1
1429,100 SECOND NORTH ST     ,1
1430,100 W  OSTRANDER AV   ,1
1431,100 W  FAYETTE ST     ,1
1432,100 SCHULER ST     ,1
1433,100 SCHOECK AV   ,1
1434,100 SCHNEIDER ST     ,1
1435,100 VILLAGE DR ,1
1436,100 SAND ST     ,1
1437,100 MUNSON DR     ,1
1438,100 N  BEECH ST     ,1
1439,100 W  BISSELL ST     ,1
1440,1100 GRANT BLVD   ,1
1441,100 WARNER AV   ,1
1442,1600 E  FAYETTE ST     ,1
1443,1400 TEALL AV   ,1
1444,1100 LEMOYNE AV   ,1
1445,1400 SPRING ST     ,1
1446,1400 STOLP AVE    ,1
1447,1100 LANCASTER AV   ,1
1448,200 S  MIDLER AV   ,1
1449,1100 HARRISON ST     ,1
1450,1100 JAMEVILLE AVE    ,1
1451,1100 FIRST NORTH ST   ,1
1452,100 N  MIDLER AV   ,1
1453,1500 WESTMORELAND AVE    ,1
1454,1500 VALLEY DR   ,1
1455,1100 ERIE BLVD W ,1
1456,1100 E FAYETTE ST     ,1
1457,1100 E  WASHINGTON ST     ,1
1458,1100 COURT ST     ,1
1459,1000 W ONONDAGA ST     ,1
1460,1500 FIRST NORTH ST     ,1
1461,1000 W FAYETTE ST     ,1
1462,1000 W BELDEN AV   ,1
1463,1600 E  GENESEE ST     ,1
1464,200 S LOWELL AV   ,1
1465,1500 CALEB AVE    ,1
1466,1500 BUTTERNUT ST     ,1
1467,1100 SALT SPRINGS RD   ,1
1468,1100 SOUTH AV   ,1
1469,1100 S  SALINA ST     ,1
1470,1100 S GEDDES ST     ,1
1471,1100 S  GEDDES ST     ,1
1472,1100 OAK ST     ,1
1473,1600 GLENWOOD AV   ,1
1474,1500 GRANT BLVD   ,1
1475,200 SHERBOURNE RD     ,1
1476,100 WOLCOTT AV   ,1
1477,100 WINTHROP RD     ,1
1478,100 WIMAN AV   ,1
1479,100 WHITTIER AVE    ,1
1480,1500 E GENESEE ST     ,1
1481,1100 N SALINA ST   ,1
1482,100 WESTMORELAND AV   ,1
1483,200 SCOTTHOLM BLVD   ,1
1484,200 SACKETT ST     ,1
1485,100 WHEATON RD     ,1
1486,200 SABINE ST     ,1
1487,1500 E  GENESEE ST     ,1
1488,1000 W  BELDEN AV   ,1
1489,1000 TALLMAN ST     ,1
1490,1000 SOUTH AVE    ,1
1491,100 STANDART ST     ,1
1492,100 ST LOUIS AV   ,1
1493,100 SPRINGBROOK AV   ,1
1494,100 W COLVIN ST     ,1
1495,100 W CORNING AV   ,1
1496,1000 IVY RIDGE RD   ,1
1497,100 LOOMIS AV   ,1
1498,100 LOMA AVE    ,1
1499,100 LILAC ST     ,1
1500,100 LIBERTY ST     ,1
1501,100 LEXINGTON AVE    ,1
1502,100 W BEARD AV   ,1
1503,100 NELSON ST     ,1
1504,100 N WILBUR AV   ,1
1505,100 SLOCUM DR     ,1
1506,100 W  FLORENCE AVE    ,1
1507,100 W  CORNING AV   ,1
1508,100 N WARREN ST     ,1
1509,1300 HIGHLAND ST     ,1
1510,100 N GEDDES ST   ,1
1511,100 W  BRIGHTON AVE    ,1
1512,100 N  MIDLER AVE    ,1
1513,1000 LEMOYNE AVE    ,1
1514,100 STANDISH DR     ,1
1515,1000 SOUTH AV   ,1
1516,1000 N MCBRIDE ST     ,1
1517,1000 S TOWNSEND ST     ,1
1518,1500 E FAYETTE ST     ,1
1519,1000 S GEDDES ST   ,1
1520,1000 S  CLINTON ST     ,1
1521,1300 W FAYETTE ST     ,1
1522,1000 N STATE ST     ,1
1523,1000 MADISON ST     ,1
1524,100 ROSS PARK   ,1
1525,100 SMITH RD     ,1
1526,100 ROSEWOOD ST     ,1
1527,100 ROSEMONT DR     ,1
1528,100 RONEY RD     ,1
1529,100 WALL ST     ,1
1530,100 WAINWRIGHT AV   ,1
1531,1300 W  ONONDAGA ST     ,1
1532,100 W NEWELL ST     ,1
1533,1300 SPRING ST     ,1
1534,100 W LAFAYETTE AV   ,1
1535,100 W KENNEDY ST     ,1
1536,100 STEDMAN ST     ,1
1537,100 STATE FAIR BLVD   ,1
1538,100 HUNT AV   ,1
1539,100 HUDSON ST     ,1
1540,100 LYNWOOD AV   ,1
1541,100 COYKENDALL AVE    ,1
1542,100 DELRAY AV   ,1
1543,100 DEWEY AV   ,1
1544,100 DEARBORN PL     ,1
1545,100 DARLINGTON RD     ,1
1546,100 DANFORTH TER    ,1
1547,100 CUMBERLAND AVE    ,1
1548,100 CUMBERLAND AV   ,1
1549,100 CRIPPEN PL     ,1
1550,100 CORTLAND AV   ,1
1551,100 CRESLINE DR     ,1
1552,100 COYKENDALL AV   ,1
1553,100 CAMP AV   ,1
1554,0 W ONONDAGA ST & S CLINTON ST    ,1
1555,0 WHITTIER AV & BURNET PARK DR    ,1
1556,0 W BEAR ST & VAN RENSSELAER ST        ,1
1557,0 VANN ST & GREENWAY AV    ,1
1558,0 I 690EB & TEALL AV        ,1
1559,100 ARLINGTON AV   ,1
1560,0 SHOTWELL PARK & JAMES ST    ,1
1561,0 STINARD AV & GORDON AV    ,1
1562,0 SHOTWELL PARK   ,1
1563,0 SCHILLER AV & HIGHLAND ST        ,1
1564,100 MEDORA PL     ,1
1565,100 MERRILL ST     ,1
1566,100 MERRILL ST   ,1
1567,100 DORWIN AV   ,1
1568,100 BURNET AVE    ,1
1569,100 BRUCE ST     ,1
1570,100 BLAINE ST     ,1
1571,100 BISHOP AVE    ,1
1572,100 BISHOP AV   ,1
1573,100 BEVERLY RD     ,1
1574,100 BERGER AV   ,1
1575,100 BELLAIRE PL     ,1
1576,100 BEATTIE ST     ,1
1577,100 BASSETT ST     ,1
1578,100 BARNES AV   ,1
1579,100 MARLETT ST     ,1
1580,100 MADISON ST   ,1
1581,100 BALDWIN AVE    ,1
1582,100 LILLIAN AV   ,1
1583,100 E CHAFFEE AV ,1
1584,100 MILES AV   ,1
1585,100 E BISSELL ST     ,1
1586,100 E  JEFFERSON ST     ,1
1587,100 MERRIMAN AVE    ,1
1588,100 DURSTON AV   ,1
1589,0 S WARREN ST & E WATER ST        ,1
1590,0 S WARREN ST & MADISON ST        ,1
1591,0 S SALINA ST & E WASHINGTON ST        ,1
1592,100 COLERIDGE AV   ,1
1593,100 CHATHAM PL   ,1
1594,100 CHATHAM PL     ,1
1595,100 CHARMOUTH DR     ,1
1596,100 BUNGALOW TER    ,1
1597,100 BROOKLEA PL     ,1
1598,100 BOISE DR     ,1
1599,0 HICKORY ST & PROSPECT AV    ,1
1600,0 GRANT BLVD & VILLAGE DR    ,1
1601,0 FIRST NORTH ST     ,1
1602,0 EUCLID AV & ACKERMAN AV        ,1
1603,0 ERIE BLVD E & WESTMORELAND AV        ,1
1604,0 ERIE BLVD E & JAMES ST        ,1
1605,0 DUPLI PARK DR     ,1
1606,0 COURT ST & SPRING ST    ,1
1607,0 COOLIDGE AV & STERLING AV        ,1
1608,0 CONGRESS AV & KELLOGG ST        ,1
1609,0 CATHERINE ST & JAMES ST    ,1
1610,0 CANNON ST & W BRIGHTON AV    ,1
1611,0 BUTTERNUT ST & SCHNEIDER ST        ,1
1612,0 BUTTERNUT ST & LODI ST        ,1
1613,0 BUTTERNUT ST & GRASSMAN AV        ,1
1614,100 CLEVELAND AVE    ,1
1615,100 CONIFER DR     ,1
1616,0 BEAR ST & SPRING ST    ,1
1617,100 CROUSE DR   ,1
1618,0 S GEDDES ST & ONONDAGA BLVD    ,1
1619,0 S CLINTON ST & W WATER ST        ,1
1620,0 S CROUSE AV & E ADAMS ST    ,1
1621,0 S CLINTON ST & W FAYETTE ST        ,1
1622,0 PUTNAM ST & S GEDDES ST    ,1
1623,0 S  CLINTON SQ     ,1
1624,0 ROBINCROFT RD     ,1
1625,0 OAKWOOD AV & TRUTH TER    ,1
1626,0 N TOWNSEND ST & E LAUREL ST    ,1
1627,0 N STATE ST & CATAWBA ST        ,1
1628,0 N SALINA ST & BUTTERNUT ST        ,1
1629,0 MOORE AV   ,1
1630,0 MIDLAND AV & W OSTRANDER AV        ,1
1631,0 MARSHALL ST & WALNUT AV        ,1
1632,0 MADISON ST & MONTGOMERY ST        ,1
1633,0 JAMES ST & CLIFTON PL        ,1
1634,100 E FAYETTE ST     ,1
1635,100 E  GENESEE ST     ,1
1636,100 E  FAYETTE ST     ,1
1637,100 DORSET RD     ,1
1638,100 DRISCOLL AV   ,1
1639,100 BURNS AV   ,1
1640,100 CAMP AVE    ,1
1641,1000 VALLEY DR     ,1
1642,100 PHARIS ST     ,1
1643,100 GRAVES ST     ,1
1644,100 GRAPE TER    ,1
1645,100 GRANT AVE    ,1
1646,100 GRAND AVE    ,1
1647,100 GORLAND AVE    ,1
1648,100 GORLAND AV   ,1
1649,100 REMINGTON AV ,1
1650,100 REED AVE    ,1
1651,100 PULASKI ST     ,1
1652,100 RADISSON CT     ,1
1653,100 PENNSYLVANIA AVE    ,1
1654,100 E ONONDAGA ST   ,1
1655,100 PENNSYLVANIA AV   ,1
1656,100 PARRISH LN     ,1
1657,100 PARKSIDE AVE    ,1
1658,100 OSTROM AV   ,1
1659,100 OBERST ST     ,1
1660,100 OAKLAND ST     ,1
1661,100 OAK PL     ,1
1662,100 GEBHARDT AVE    ,1
1663,100 N SALINA ST   ,1
1664,100 FURMAN ST     ,1
1665,100 HADDON RD     ,1
1666,100 HOUSTON AV   ,1
1667,100 HARRISON PL     ,1
1668,100 HARRISON ST     ,1
1669,100 SUNSET AV   ,1
1670,1000 SUNNYCREST RD     ,1
1671,1000 S MCBRIDE ST   ,1
1672,1000 S MCBRIDE ST     ,1
1673,100 STINARD AV   ,1
1674,100 STEVENS PL     ,1
1675,100 RUSKIN AVE    ,1
1676,100 STEVENS PL   ,1
1677,100 HOLDEN ST     ,1
1678,100 HIXSON AVE    ,1
1679,100 HILLSIDE ST     ,1
1680,100 HIXSON AV   ,1
1681,100 HIGHLAND AVE    ,1
1682,100 HIGHLAND AV   ,1
1683,100 HERZ ST     ,1
1684,100 HERALD PL   ,1
1685,100 HEADSON DR     ,1
1686,100 HAYDEN AV   ,1
1687,100 HASBROUCK ST     ,1
1688,100 HASTINGS PL     ,1
1689,100 HARWOOD AVE    ,1
1690,100 FORDHAM RD   ,1
1691,100 N LOWELL AV   ,1
1692,100 N CLINTON ST     ,1
1693,100 HARDING PL     ,1
1694,100 FRISBIE CT   ,1
1695,100 FITCH ST   ,1
1696,100 FOBES AV   ,1
1697,100 FAYETTE BLVD   ,1
1698,100 ENFIELD PL     ,1
1699,100 COOK AV   ,1
1700,100 CONAN ST     ,1
1701,100 ELIZ.BLACKWELL ST     ,1
1702,100 COMSTOCK AVE    ,1
1703,100 CLOVER ST     ,1
1704,100 CLYDE AV   ,1
1705,100 EDTIM RD   ,1
1706,100 CLIFTON PL     ,1
1707,100 CLARKE ST     ,1
1708,100 EDMUND AV   ,1
1709,100 CHANNING PL     ,1
1710,100 CHAMPLIN DR     ,1
1711,100 CHAFFEE AVE    ,1
1712,100 CARBON ST     ,1
1713,100 E WARRINGTON RD     ,1
1714,100 CANDEE AV   ,1
1715,100 GIFFORD ST     ,1
1716,100 HARFORD RD     ,1
1717,100 FISCOE AV   ,1
1718,100 HIGHRIDGE PL     ,1
1719,100 FENWAY DR     ,1
1720,100 FENTON ST     ,1
1721,100 FEIGEL AVE    ,1
1722,100 EUREKA ST     ,1
1723,100 ERIE ST     ,1
1724,100 ERIE BLVD E,1
1725,100 ENGLEWOOD AV   ,1
1726,100 ELMWOOD AVE    ,1
1727,100 EDGEHILL RD     ,1
1728,100 E REMINGTON AV   ,1
1729,100 E LAFAYETTE AV   ,1
1730,100 E MATSON AV   ,1
1731,100 MORNINGSIDE TER    ,1
1732,100 E COLVIN ST     ,1
1733,100 MOONEY AV   ,1
1734,100 ANDERSON AV   ,1
1735,100 ALMOND ST     ,1
1736,100 ALBERT TER    ,1
1737,100 INTREPID LN     ,1
1738,100 HUNTLEY ST     ,1
1739,100 HUGHES PL   N ,1
1740,100 SUNNYSIDE PARK RD     ,1
1741,1100 TEALL AV   ,1
1742,200 UNIVERSITY AV   ,1
1743,200 ELLIOT ST     ,1
1744,400 E  BRIGHTON AVE    ,1
1745,2300 ERIE BLVD E ,1
1746,300 COLERIDGE AVE    ,1
1747,400 E  BRIGHTON AV   ,1
1748,2200 S  STATE ST     ,1
1749,2300 E FAYETTE ST     ,1
1750,200 GERTRUDE ST     ,1
1751,200 FOBES AVE    ,1
1752,200 FLETCHER AV   ,1
1753,200 FERNDALE DR     ,1
1754,200 EVALEEN AVE    ,1
1755,200 CRADDOCK ST     ,1
1756,200 ELLIOTT ST     ,1
1757,200 EMPIRE AV   ,1
1758,200 E SENECA TPKE   ,1
1759,200 ELIZABETH ST     ,1
1760,200 E ADAMS ST     ,1
1761,200 E COLVIN ST     ,1
1762,200 E  GLEN AVE    ,1
1763,200 DOUGLAS ST     ,1
1764,200 DOROTHY ST     ,1
1765,200 DELRAY AVE    ,1
1766,200 HALL AV   ,1
1767,400 E  DIVISION ST     ,1
1768,200 HALL AVE    ,1
1769,300 W  COLVIN ST     ,1
1770,200 S  WEST ST     ,1
1771,300 CRAIG ST     ,1
1772,300 W  WASHINGTON ST     ,1
1773,300 W  KIRKPATRICK ST     ,1
1774,300 W  HIAWATHA BLVD   ,1
1775,300 COOLIDGE AV   ,1
1776,300 W  GENESEE ST     ,1
1777,300 COMSTOCK AV   ,1
1778,300 W  FAYETTE ST     ,1
1779,2100 S GEDDES ST     ,1
1780,2100 EUCLID AV   ,1
1781,2100 COURT ST     ,1
1782,2000 S SALINA ST     ,1
1783,2000 S  SALINA ST     ,1
1784,2000 MIDLAND AV   ,1
1785,2000 JAMES ST   ,1
1786,2000 LODI ST     ,1
1787,2000 EUCLID AV   ,1
1788,2000 ERIE BLVD E,1
1789,2000 E  GENESEE ST     ,1
1790,200 WOODLAND AV   ,1
1791,200 DANFORTH ST     ,1
1792,200 COLUMBUS AV   ,1
1793,1100 S SALINA ST     ,1
1794,300 SHUART AV   ,1
1795,300 UNIVERSITY AVE    ,1
1796,200 GORDON AV   ,1
1797,300 TULLY ST     ,1
1798,300 TOMPKINS ST   ,1
1799,300 SUNRISE DR     ,1
1800,300 SUMMIT AV   ,1
1801,300 STRATHMORE DR     ,1
1802,300 STRATFORD ST     ,1
1803,300 STAFFORD AVE    ,1
1804,300 SLOCUM DR     ,1
1805,300 SHONNARD ST     ,1
1806,200 COLERIDGE AV   ,1
1807,300 SHIRLEY DR   ,1
1808,300 SHIRLEY DR     ,1
1809,300 SEELEY RD     ,1
1810,300 SCOTTHOLM TER    ,1
1811,300 SCOTT AV   ,1
1812,300 S MIDLER AV   ,1
1813,300 S LOWELL AV   ,1
1814,300 S  EDWARDS AV   ,1
1815,300 S  CARBON ST     ,1
1816,300 ROOSEVELT AV   ,1
1817,300 BEATTIE ST     ,1
1818,200 W WATER ST     ,1
1819,300 BERKELEY DR     ,1
1820,400 COMSTOCK        ,1
1821,200 CLARENDON ST     ,1
1822,400 HILLSDALE AV   ,1
1823,2200 S SALINA ST     ,1
1824,200 WHITTIER AV   ,1
1825,300 BURNET AV   ,1
1826,2300 E  FAYETTE ST     ,1
1827,400 DUDLEY ST     ,1
1828,200 WESTMORELAND AV   ,1
1829,400 HELEN ST     ,1
1830,200 ROSS PARK   ,1
1831,200 WEBSTER AV   ,1
1832,200 BURNET PARK DR     ,1
1833,200 WAVERLEY AV   ,1
1834,300 BROAD ST     ,1
1835,200 CANDEE AVE    ,1
1836,200 ROE AV   ,1
1837,300 BRADLEY ST     ,1
1838,200 CANDEE AV   ,1
1839,200 ROBINEAU RD     ,1
1840,0 BURNET AV & MATHER ST        ,1
1841,2200 GRANT BLVD   ,1
1842,300 W COLVIN ST     ,1
1843,200 S FRANKLIN ST     ,1
1844,200 S WARREN ST     ,1
1845,3600 E GENESEE ST     ,1
1846,200 ASH ST     ,1
1847,400 BOYDEN ST   ,1
1848,200 ARNOLD AVE    ,1
1849,1900 W COLVIN ST     ,1
1850,400 BOSTON ST     ,1
1851,200 AINSLEY DR   ,1
1852,400 BISHOP AV   ,1
1853,200 SUNNYCREST RD     ,1
1854,1900 S STATE ST     ,1
1855,400 AVERY AV   ,1
1856,200 SHERWOOD AV   ,1
1857,2300 S STATE ST     ,1
1858,3600 MIDLAND AVE    ,1
1859,2400 ERIE BLVD E,1
1860,1900 SOUTH AV   ,1
1861,200 STRAND PL   ,1
1862,400 RUGBY RD     ,1
1863,1900 S SALINA ST     ,1
1864,3000 MIDLAND AV   ,1
1865,400 GLENWOOD AV   ,1
1866,200 SEYMOUR ST     ,1
1867,400 ROBINEAU RD     ,1
1868,400 BOYDEN ST     ,1
1869,200 SUNSTRUCK DR     ,1
1870,400 BRATTLE RD     ,1
1871,300 HICKOK AVE    ,1
1872,300 KRAMER DR     ,1
1873,200 BEAR ST     ,1
1874,200 LIME ST     ,1
1875,300 KENSINGTON PL     ,1
1876,200 TOMPKINS ST   ,1
1877,200 LILAC ST     ,1
1878,200 TURTLE ST     ,1
1879,200 LEXINGTON AV   ,1
1880,200 BEACON RD   ,1
1881,300 HILLVIEW AVE    ,1
1882,200 BASSETT ST     ,1
1883,200 LEMOYNE AV   ,1
1884,300 HIXSON AV   ,1
1885,400 BURNET PARK DR   ,1
1886,300 HIGHLAND ST     ,1
1887,400 BURNET AVE    ,1
1888,400 S LOWELL AV   ,1
1889,300 HICKORY ST   ,1
1890,300 HICKORY ST     ,1
1891,200 BARNES AV   ,1
1892,400 BUCKINGHAM AV   ,1
1893,300 HIAWATHA BLVD W,1
1894,400 PULASKI ST ,1
1895,300 WOODRUFF AV   ,1
1896,300 W OSTRANDER AV   ,1
1897,400 LEAVENWORTH AVE    ,1
1898,200 HOPE AVE    ,1
1899,400 FABIUS ST     ,1
1900,200 HIAWATHA BLVD E ,1
1901,300 GERTRUDE ST     ,1
1902,400 EUCLID AVE    ,1
1903,200 HILLSIDE ST     ,1
1904,200 HIER AVE    ,1
1905,300 FILLMORE AVE    ,1
1906,400 JAMES ST   ,1
1907,300 FABIUS ST     ,1
1908,1800 TEALL AV   ,1
1909,300 EUCLID AVE    ,1
1910,1800 S SALINA ST   ,1
1911,200 SCHUYLER ST     ,1
1912,1800 S SALINA ST     ,1
1913,1300 SOUTH AV   ,1
1914,200 HAYDEN AV   ,1
1915,300 E ONONDAGA ST     ,1
1916,300 W GENESEE ST     ,1
1917,300 E  WASHINGTON ST     ,1
1918,200 SCHUYLER ST   ,1
1919,200 HOUSTON AVE    ,1
1920,1900 MIDLAND AV   ,1
1921,400 FABIUS ST   ,1
1922,200 SENECA ST     ,1
1923,400 ROBERTS AVE    ,1
1924,300 WOODBINE AV   ,1
1925,400 N SALINA ST     ,1
1926,300 HAWLEY AVE    ,1
1927,1900 GLENWOOD AV   ,1
1928,200 KRAMER DR     ,1
1929,400 NORTH AV   ,1
1930,300 HAWLEY AV   ,1
1931,1900 GRANT BLVD   ,1
1932,200 KIRK AVE    ,1
1933,400 N  CLINTON ST     ,1
1934,300 HARTSON ST     ,1
1935,400 MILTON AVE    ,1
1936,200 KELLOGG ST     ,1
1937,300 WALNUT PL     ,1
1938,200 JAMES ST     ,1
1939,300 WALNUT AV   ,1
1940,200 JOHN ST     ,1
1941,200 HUNT AV   ,1
1942,300 W ONONDAGA ST     ,1
1943,300 ROBINEAU RD     ,1
1944,300 RENWICK AVE    ,1
1945,300 RENWICK AV   ,1
1946,1900 W  FAYETTE ST     ,1
1947,1200 W COLVIN ST     ,1
1948,1200 W  BELDEN AVE    ,1
1949,1200 SPRING ST     ,1
1950,1800 BELLEVUE AVE    ,1
1951,1800 BELLEVUE AV   ,1
1952,1700 E FAYETTE ST     ,1
1953,1700 E  FAYETTE ST     ,1
1954,1700 BUTTERNUT ST     ,1
1955,1600 W GENESEE ST     ,1
1956,1600 W  GENESEE ST     ,1
1957,1300 E  ADAMS ST     ,1
1958,200 LORRAINE AVE    ,1
1959,1400 MIDLAND AV   ,1
1960,1300 COURT ST     ,1
1961,1200 MILTON AVE    ,1
1962,1000 HARRISON ST   ,1
1963,200 W  PLEASANT AVE    ,1
1964,1000 ERIE BLVD W ,1
1965,200 W  KENNEDY ST     ,1
1966,1000 EUCLID AVE    ,1
1967,200 W  FAYETTE ST     ,1
1968,1000 E ADAMS ST     ,1
1969,1800 W FAYETTE ST     ,1
1970,1200 WOLF ST     ,1
1971,1300 BELLEVUE AVE    ,1
1972,1900 E  FAYETTE ST     ,1
1973,200 HUBBELL AVE    ,1
1974,200 HOPPER RD   ,1
1975,200 HOMECROFT RD     ,1
1976,200 HILTON RD     ,1
1977,1300 S STATE ST     ,1
1978,200 HAWTHORNE ST     ,1
1979,200 HARVARD PL     ,1
1980,200 HARRISON ST     ,1
1981,200 HANCOCK DR     ,1
1982,200 HAFFENDEN RD     ,1
1983,1700 SOUTH AVE    ,1
1984,200 W GENESEE ST   ,1
1985,1700 N SALINA ST   ,1
1986,1900 W GENESEE ST     ,1
1987,200 GOODRICH AVE    ,1
1988,200 GLENWOOD AV   ,1
1989,1400 N  STATE ST     ,1
1990,1300 E COLVIN ST     ,1
1991,200 GIFFORD ST     ,1
1992,200 GILBERT AV   ,1
1993,1400 N  SALINA ST     ,1
1994,1000 ERIE BLVD E ,1
1995,1400 LANCASTER AV   ,1
1996,1000 E  FAYETTE ST     ,1
1997,1600 JAMES ST   ,1
1998,1600 HAWLEY AV   ,1
1999,1600 GRANT BLVD   ,1
2000,1600 COURT ST     ,1
2001,1500 TEALL AV   ,1
2002,1500 S STATE ST     ,1
2003,1500 S GEDDES ST     ,1
2004,1400 E  FAYETTE ST     ,1
2005,1500 N SALINA ST     ,1
2006,1500 MEADOWBROOK DR     ,1
2007,1500 LODI ST     ,1
2008,100 WOLF ST     ,1
2009,200 SHOTWELL PARK ,1
2010,200 SHUART AV   ,1
2011,1200 MIDLAND AVE    ,1
2012,1200 JAMES ST     ,1
2013,1200 HIGHLAND ST     ,1
2014,1200 GLENWOOD AVE    ,1
2015,1200 COURT ST     ,1
2016,1200 CUMBERLAND AV   ,1
2017,1100 W ONONDAGA ST     ,1
2018,1100 WILLIS AV   ,1
2019,1600 JAMES ST     ,1
2020,2200 E GENESEE ST     ,1
2021,200 W  BRIGHTON AVE    ,1
2022,2200 EUCLID AV   ,1
2023,1700 COURT ST     ,1
2024,1400 HAWLEY AV   ,1
2025,200 W  BRIGHTON AV   ,1
2026,1400 GRANT BLVD   ,1
2027,1000 COURT ST     ,1
2028,1400 GLENWOOD AV   ,1
2029,1400 ERIE BLVD E,1
2030,1400 ERIE BLVD E ,1
2031,1600 W COLVIN ST     ,1
2032,1400 E GENESEE ST   ,1
2033,1400 BELLEVUE AVE    ,1
2034,1600 VALLEY DR     ,1
2035,1300 TEALL AV   ,1
2036,200 SMALL RD     ,1
2037,1000 BALLANTYNE RD     ,1
2038,100 WYOMING ST     ,1
2039,100 WORDEN AV   ,1
2040,100 WOOD AVE    ,1
2041,1600 S GEDDES ST     ,1
2042,1200 N STATE ST     ,1
2043,2200 MIDLAND AV   ,1
2044,200 IVY RIDGE RD     ,1
2045,200 MAINS AV   ,1
2046,300 PUTNAM ST ,1
2047,200 EUCLID AVE    ,1
2048,200 N  STATE ST     ,1
2049,200 N  MIDLER AVE    ,1
2050,200 MOONEY AV   ,1
2051,200 MERRIMAN AV   ,1
2052,200 MCKINLEY AVE    ,1
2053,200 MAY AV   ,1
2054,1300 OAK ST     ,1
2055,200 FOREST AV   ,1
2056,1300 NORTHCLIFFE RD     ,1
2057,200 FENWAY DR     ,1
2058,200 EUCLID        ,1
2059,200 MELROSE AV   ,1
2060,200 E WARRINGTON RD     ,1
2061,200 E FAYETTE ST     ,1
2062,200 E  WARRINGTON RD     ,1
2063,200 E  ONONDAGA ST     ,1
2064,1300 N  SALINA ST     ,1
2065,200 DARLINGTON RD     ,1
2066,200 CRESTVIEW DR     ,1
2067,1300 MILTON AVE    ,1
2068,200 CORTLAND AV   ,1
2069,1300 MILTON AV   ,1
2070,200 N  TOWNSEND ST     ,1
2071,200 OAKWOOD AV   ,1
2072,200 ORLANDO AV   ,1
2073,200 OSTROM AV   ,1
2074,300 OVERLOOK DR     ,1
2075,300 OTISCO ST     ,1
2076,300 ONONDAGA AVE    ,1
2077,300 N  MIDLER AV   ,1
2078,300 MT OLYMPUS DR     ,1
2079,300 MOUNTAINVIEW AVE    ,1
2080,300 MILDRED AV   ,1
2081,300 MELROSE AVE    ,1
2082,300 MARTIN LUTHER KING      W ,1
2083,300 MARCELLUS ST   ,1
2084,300 MARCELLUS ST     ,1
2085,200 RIVERDALE DR     ,1
2086,200 REED AV   ,1
2087,200 PULASKI ST     ,1
2088,200 PRIMROSE AV   ,1
2089,200 POLK ST     ,1
2090,200 PINE ST     ,1
2091,200 PAUL AVE    ,1
2092,200 PALMER AV   ,1
2093,300 MARGUERITE AVE    ,1
2094,200 ORLANDO AVE    ,1
2095,200 COMSTOCK PL     ,1
2096,1300 MIDLAND AVE    ,1
2097,1300 MIDLAND AV   ,1
2098,1400 NORTHCLIFFE RD     ,1
2099,1800 MIDLAND AV   ,1
2100,1400 N STATE ST   ,1
2101,1400 N STATE ST     ,1
2102,1800 LODI ST   ,1
2103,1800 ERIE BLVD E,1
2104,200 WAINWRIGHT AV   ,1
2105,200 W ONONDAGA ST     ,1
2106,200 W MATSON AV   ,1
2107,1800 BURNET AVE    ,1
2108,1700 VALLEY DR     ,1
2109,200 W KENNEDY ST     ,1
2110,200 S  EDWARDS AVE    ,1
2111,200 ROCKLAND AV   ,1
2112,200 PINE GROVE ST     ,1
2113,200 PARKWAY DR     ,1
2114,200 ONONDAGA AVE    ,1
2115,200 ONONDAGA AV   ,1
2116,200 N WILBUR AV   ,1
2117,200 N COLLINGWOOD AV   ,1
2118,200 N  MIDLER AV   ,1
2119,200 MOUNT OLYMPUS DR     ,1
2120,1800 N SALINA ST     ,1
2121,200 WARHAM ST     ,1
2122,200 COLUMBIA AVE    ,1
2123,2300 E GENESEE ST     ,1
2124,1300 MADISON ST     ,1
2125,200 COLDBROOK DR     ,1
2126,200 CLYDE AV   ,1
2127,200 CLIFTON PL     ,1
2128,200 CATHERINE ST     ,1
2129,1300 EUCLID AV   ,1
2130,200 BROOKFORD RD     ,1
2131,1300 E GENESEE ST   ,1
2132,200 BALLANTYNE RD     ,1
2133,200 AVERY AV   ,1
2134,200 ASHDALE AV   ,1
2135,2000 E  FAYETTE ST     ,1
2136,300 ARTHUR ST     ,1
2137,300 ARLINGTON AV   ,1
2138,2000 BELLEVUE AV   ,1
2139,300 APPLE ST     ,1
2140,300 ALLEN ST     ,1
2141,1400 S MCBRIDE ST   ,1
2142,2900 E GENESEE ST   ,1
2143,2700 E GENESEE ST     ,1
2144,200 WESTMINSTER AV   ,1
2145,2200 JAMES ST     ,1
